Handle,SKU,Name,Category,Description,Sold by weight,Option 1 name,Option 1 value,Option 2 name,Option 2 value,Option 3 name,Option 3 value,Cost,Barcode,SKU of included item,Quantity of included item,Track stock,Available for sale [KEY GU DEY JUNG],Price [KEY GU DEY JUNG],In stock [KEY GU DEY JUNG],Low stock [KEY GU DEY JUNG]
11000-bottle,10076,11 bottle,11 bottle,,N,,,,,,,85.83,,,,N,Y,120.00,,
can-beer,10115,11 can,11 can,,N,,,,,,,73.00,,,,N,Y,120.00,,
11000-can-set,10221,11 can set,11 can,,N,,,,,,,312.00,,,,N,Y,480.00,,
2-maggi-plate,10180,2 Maggi plate,Maggi,,N,,,,,,,40.00,,,,N,Y,80.00,,
50-50,10132,50 50,Biscuits,,N,,,,,,,0.00,8901063017993,,,N,Y,30.00,,
aafi,10141,Aafi,Juice,,N,,,,,,,0.00,,,,N,Y,30.00,,
aafi-big,10386,Aafi Big,,,N,,,,,,,0.00,,,,N,Y,65.00,,
alpenliebe,10320,Alpenliebe,,,N,,,,,,,0.00,,,,N,Y,10.00,,
alu-chop,10373,Alu chop,Alu chop,,N,,,,,,,0.00,,,,N,Y,50.00,,
alu-chop-1,10411,Alu chop,,,N,,,,,,,0.00,,,,N,Y,25.00,,
american-cow,10340,American cow,Choco bar,,N,,,,,,,4.00,,,,N,Y,5.00,,
ammy,10347,Ammy,,,N,,,,,,,0.00,,,,N,Y,100.00,,
amul-cool,10379,Amul cool,Amul,,N,,,,,,,27.30,,,,N,Y,30.00,,
apple-juice-1,10444,Apple juice,Bhutan agro juice,,N,,,,,,,27.35,8906021261012,,,Y,Y,30.00,12.000,5.000
appy-big,10217,Apple juice big,Bhutan agro juice,,N,,,,,,,87.25,8906021261036,,,Y,Y,100.00,9.000,5.000
apple-juice-can,10390,Apple juice can,Bhutan agro juice,,N,,,,,,,48.10,8906021260008,,,N,Y,80.00,,
apple-nectar,10441,Apple nectar can,Bhutan agro juice,,N,,,,,,,34.16,8906021260008,,,Y,Y,60.00,25.000,5.000
apple,10021,Apple shake,Milkshake,,N,,,,,,,0.00,,,,N,Y,150.00,,
appy,10136,Appy,Juice,,N,,,,,,,17.34,,,,N,Y,20.00,,
ara,10114,Ara,Ara,,N,,,,,,,70.00,,,,N,Y,90.00,,
ara-with-egg,10434,Ara with egg,Ara,,N,,,,,,,90.00,,,,N,Y,140.00,,
ara-with-egg(half),10407,Ara with egg(half),,,N,,,,,,,0.00,,,,N,Y,70.00,,
baba,10108,Baba,Cigarette,,N,,,,,,,0.00,,,,N,Y,15.00,,
balance,10292,Balance,,,N,,,,,,,0.00,,,,N,Y,variable,,
banana-makgeolli,10326,Banana makgeolli,,,N,,,,,,,0.00,8802521202350,,,N,Y,250.00,,
bauxer-man,10361,Bauxer Man,Serja can,,N,,,,,,,70.00,8908023234025,,,N,Y,80.00,,
beans-datshi,10325,Beans datshi with rice,Bhutanese non veg dish,,N,,,,,,,0.00,,,,N,Y,150.00,,
beef-bathub,10223,Beef bathub,Beef bathub,,N,,,,,,,82.50,,,,N,Y,150.00,,
beef-chilli,10161,Beef chilli,Beef chilli,,N,,,,,,,90.00,,,,N,Y,150.00,,
beef-chowmein,10148,Beef chowmein,Beef chowmein,,N,,,,,,,70.00,,,,N,Y,150.00,,
beef-curry-with-rice,10317,Beef curry with rice,Rice n curry,,N,,,,,,,0.00,,,,N,Y,220.00,,
beef-datshi,10181,Beef datshi,Bhutanese non veg dish,,N,,,,,,,0.00,,,,N,Y,200.00,,
beef-datshi-with-rice,10256,Beef datshi with rice,Bhutanese non veg dish,,N,,,,,,,0.00,,,,N,Y,250.00,,
beef-fried-rice,10004,Beef fried rice,Beef Fried rice,,N,,,,,,,114.00,,,,N,Y,150.00,,
beef-koka-thukpa-with-cheese,10436,Beef koka thukpa with cheese,Koka,,N,,,,,,,70.00,,,,N,Y,150.00,,
beef-momo,10059,Beef momo,Beef momo,,N,,,,,,,40.00,,,,N,Y,80.00,,
beef-paa,10245,Beef Paa,Bhutanese non veg dish,,N,,,,,,,0.00,,,,N,Y,150.00,,
beef-paa-with-rice,10393,Beef Paa with Rice,Bhutanese non veg dish,,N,,,,,,,0.00,,,,N,Y,220.00,,
shakam-pizza-roll,10031,Beef pizza Roll,Non-Veg Pizza Roll,,N,,,,,,,0.00,,,,N,Y,450.00,,
shakam-pizza(l),10002,Beef pizza(L),Beef pizza,,N,,,,,,,266.00,,,,N,Y,400.00,,
shakam-pizza(m),10001,Beef pizza(M),Beef pizza,,N,,,,,,,231.80,,,,N,Y,320.00,,
shakam-pizza(s),10000,Beef pizza(S),Beef pizza,,N,,,,,,,203.60,,,,N,Y,250.00,,
beef-thukpa,10212,Beef thukpa,Thukpa,,N,,,,,,,0.00,,,,N,Y,150.00,,
bet,10293,Bet,,,N,,,,,,,0.00,,,,N,Y,variable,,
bhujiya,10309,Bhujiya,Snack,,N,,,,,,,0.00,,,,N,Y,5.00,,
bhujiya-1,10241,Bhujiya,Snack,,N,,,,,,,0.00,,,,N,Y,20.00,,
big-8,10043,Big 8,Chicken,,N,,,,,,,0.00,,,,N,Y,700.00,,
bingo-nacho,10271,Bingo nacho,Chips,,N,,,,,,,18.00,,,,N,Y,25.00,,
bingo-pink,10341,Bingo pink,Chips,,N,,,,,,,18.00,,,,N,Y,25.00,,
bingo-tedhe-medhe,10291,Bingo tedhe medhe,Chips,,N,,,,,,,18.00,,,,N,Y,25.00,,
biri,10280,Biri,,,N,,,,,,,0.00,,,,N,Y,20.00,,
biscuits,10286,Biscuits,Biscuits,,N,,,,,,,0.00,,,,N,Y,5.00,,
biscuits-1,10413,Biscuits,,,N,,,,,,,0.00,,,,N,Y,10.00,,
black-coffee-1,10387,Black coffee,Coffee,,N,,,,,,,20.00,,,,N,Y,40.00,,
black-coffee,10121,Black coffee(s),Coffee,,N,,,,,,,10.00,,,,N,Y,20.00,,
black-tea,10391,Black tea,,,N,,,,,,,0.00,,,,N,Y,20.00,,
blue-lagoon,10062,Blue lagoon,Mocktails,,N,,,,,,,0.00,,,,N,Y,120.00,,
blue-lays,10179,Blue lays,Chips,,N,,,,,,,18.00,,,,N,Y,25.00,,
blueberry-boba,10028,Blueberry boba,Bobo Tea,,N,,,,,,,0.00,,,,N,Y,150.00,,
blueberry-shake,10018,Blueberry shake,Milkshake,,N,,,,,,,74.00,,,,N,Y,120.00,,
boiled-egg,10382,Boiled egg,,,N,,,,,,,0.00,,,,N,Y,30.00,,
bowl-samyang,10201,Bowl samyang,Samyang,,N,,,,,,,120.00,,,,N,Y,150.00,,
breezer,10197,Breezer,Breezer,,N,,,,,,,115.00,,,,N,Y,130.00,,
buldak,10237,Buldak,Samyang,,N,,,,,,,120.00,,,,N,Y,140.00,,
burst,10138,Burst,,,N,,,,,,,0.00,,,,N,Y,5.00,,
butterscotch-boba,10027,Butterscotch boba,Bobo Tea,,N,,,,,,,0.00,,,,N,Y,150.00,,
cake-fruit,10127,Cake fruit,Cup cake,,N,,,,,,,0.00,8908005079262,,,N,Y,10.00,,
cakes,10376,Cakes,,,N,,,,,,,0.00,8904329100156,,,N,Y,5.00,,
can-coke,10447,Can coke,Coke,,N,,,,,,,38.00,8901764011252,,,Y,Y,50.00,20.000,0.000
carnival-pcs,10087,Carnival blueberry pcs,Carnival,,N,,,,,,,16.00,,,,N,Y,25.00,,
carnival-pts,10086,Carnival blueberry pts,Carnival,,N,,,,,,,230.00,,,,N,Y,320.00,,
carnival-lemon,10315,Carnival lemon,Carnival,,N,,,,,,,0.00,,,,N,Y,150.00,,
carnival-melon-pcs,10305,Carnival melon pcs,Carnival,,N,,,,,,,16.00,,,,N,Y,25.00,,
carnival-melon-pts,10304,Carnival melon pts,Carnival,,N,,,,,,,230.00,,,,N,Y,320.00,,
cash,10433,Cash,Cash,,N,,,,,,,0.00,,,,N,Y,variable,,
chana,10205,Chana,Snack,,N,,,,,,,0.00,,,,N,Y,20.00,,
chana-1,10283,Chana,Snack,,N,,,,,,,0.00,,,,N,Y,20.00,,
chatpati,10203,Chatpati,Chatpati,,N,,,,,,,0.00,,,,N,Y,20.00,,
chatpati-1,10204,Chatpati,Chatpati,,N,,,,,,,26.58,,,,N,Y,50.00,,
cheese-momo,10060,Cheese momo,Momo,,N,,,,,,,0.00,,,,N,Y,60.00,,
chewing-gum,10281,Chewing Gum,Chewing Gum,,N,,,,,,,0.00,,,,N,Y,5.00,,
chicken-bathub,10285,Chicken bathub,Bathub,,N,,,,,,,0.00,,,,N,Y,120.00,,
chicken-chilli,10143,Chicken chilli,Chicken chilli,,N,,,,,,,80.00,,,,N,Y,150.00,,
chicken-chowmein,10211,Chicken chowmein,Chowmein,,N,,,,,,,0.00,,,,N,Y,120.00,,
chicken-curry,10144,Chicken curry,Curry,,N,,,,,,,0.00,,,,N,Y,150.00,,
chicken-curry-with-rice,10183,Chicken curry with rice,Rice n curry,,N,,,,,,,130.00,,,,N,Y,220.00,,
"chicken-curry-with-rice,-datshi,-n-dal",10216,"Chicken curry with rice, datshi, n dal",Chicken chilli,,N,,,,,,,0.00,,,,N,Y,250.00,,
chicken-fried,10229,Chicken fried,,,N,,,,,,,0.00,,,,N,Y,150.00,,
chicken-fried-rice,10005,Chicken fried rice,Non veg.Fried rice,,N,,,,,,,80.00,,,,N,Y,120.00,,
chicken-instant-noodles,10423,Chicken instant noodles,Cup noodles,,N,,,,,,,0.00,9506000024783,,,N,Y,50.00,,
chicken-koka-pcs,10134,Chicken koka pcs,Koka,,N,,,,,,,37.50,89886038,,,N,Y,50.00,,
chicken-koka-pts,10135,Chicken koka pts,Koka,,N,,,,,,,187.50,8888056701117,,,N,Y,250.00,,
chicken-pizza-(m),10007,Chicken pizza (M),Chicken pizza,,N,,,,,,,203.00,,,,N,Y,320.00,,
chicken-pizza-(s),10006,Chicken pizza (S),Chicken pizza,,N,,,,,,,181.20,,,,N,Y,250.00,,
chicken-pizza-roll,10032,Chicken pizza roll,Non-Veg Pizza Roll,,N,,,,,,,0.00,,,,N,Y,450.00,,
chicken-pizza(l),10008,Chicken pizza(L),Chicken pizza,,N,,,,,,,227.60,,,,N,Y,400.00,,
chicken-sausage-pizza(l),10264,Chicken sausage pizza(l),Non-veg pizza,,N,,,,,,,0.00,,,,N,Y,400.00,,
chicken-sausage-pizza(m),10263,Chicken Sausage pizza(m),Non-veg pizza,,N,,,,,,,0.00,,,,N,Y,320.00,,
chicken-sausage-pizza(s),10262,Chicken sausage pizza(s),Non-veg pizza,,N,,,,,,,0.00,,,,N,Y,250.00,,
chicken-thukpa,10213,Chicken thukpa,Thukpa,,N,,,,,,,0.00,,,,N,Y,120.00,,
chikki,10416,Chikki,,,N,,,,,,,0.00,,,,N,Y,5.00,,
chilli-chop,10369,Chilli chop,Chilli chop,,N,,,,,,,0.00,,,,N,Y,20.00,,
chinese-chicken,10367,Chinese chicken,Snack,,N,,,,,,,0.00,,,,N,Y,20.00,,
chips,10248,Chips,Chips,,N,,,,,,,0.00,,,,N,Y,25.00,,
chips-item,10398,Chips item,,,N,,,,,,,0.00,,,,N,Y,5.00,,
choco-pie-set,10414,Choco pie set,,,N,,,,,,,65.00,,,,N,Y,90.00,,
chocolate-boba,10025,Chocolate boba,Bobo Tea,,N,,,,,,,0.00,,,,N,Y,150.00,,
chocolate-shake,10023,Chocolate shake,Milkshake,,N,,,,,,,0.00,,,,N,Y,150.00,,
chocopie,10459,Chocopie,,,N,,,,,,,0.00,,,,N,Y,10.00,,
chugu,10350,Chugu,,,N,,,,,,,0.00,,,,N,Y,15.00,,
chupa-chup,10184,Chupa chup,,,N,,,,,,,0.00,,,,N,Y,5.00,,
churpi,10106,Churpi,,,N,,,,,,,0.00,,,,N,Y,10.00,,
cinderella-mocktail,10063,Cinderella mocktail,Mocktails,,N,,,,,,,0.00,,,,N,Y,120.00,,
classic,10111,Classic,Classic,,N,,,,,,,21.00,,,,N,Y,30.00,,
classic-pts,10152,Classic pts,Classic,,N,,,,,,,420.00,,,,N,Y,480.00,,
coconut-water-mocktail,10067,Coconut Water Mocktail,Mocktails,,N,,,,,,,0.00,,,,N,Y,100.00,,
coke-1.25l,10095,Coke 1.25l,Coke,,N,,,,,,,53.50,,,,N,Y,65.00,,
coke-300ml,10093,Coke 300ml,Coke,,N,,,,,,,21.25,,,,N,Y,25.00,,
coke-500ml,10094,Coke 500ml,Coke,,N,,,,,,,26.25,,,,N,Y,35.00,,
colgate,10455,Colgate,,,N,,,,,,,0.00,,,,N,Y,130.00,,
cookies,10415,Cookies,,,N,,,,,,,100.00,,,,N,Y,120.00,,
coolberg,10075,Coolberg,Juice,,N,,,,,,,0.00,8906144570473,,,N,Y,100.00,,
cream-roll,10125,Cream roll,Cup cake,,N,,,,,,,0.00,8902351333115,,,N,Y,10.00,,
dalda,10126,Dalda,Dalda,,N,,,,,,,0.00,,,,N,Y,150.00,,
dalmod,10273,Dalmod,Snack,,N,,,,,,,0.00,,,,N,Y,20.00,,
desire-butter-biscuit,10431,Desire butter biscuit,Biscuits,,N,,,,,,,0.00,,,,N,Y,30.00,,
desire-cup-cake,10124,Desire cup cake,Cup cake,,N,,,,,,,0.00,8902351333146,,,N,Y,5.00,,
detrol-soap-(s),10408,Detrol soap (s),Soap,,N,,,,,,,4.50,,,,N,Y,10.00,,
dew-fresh-lemonade,10303,Dew fresh lemonade,Juice,,N,,,,,,,9.26,,,,N,Y,15.00,,
dolly,10461,Dolly,,,N,,,,,,,0.00,,,,N,Y,80.00,,
doma,10099,Doma,Doma,,N,,,,,,,0.00,,,,N,Y,50.00,,
doma-4,10103,Doma,Doma,,N,,,,,,,0.00,,,,N,Y,20.00,,
donut-cake,10335,Donut cake,Donut cake,,N,,,,,,,18.00,,,,N,Y,25.00,,
doritos,10242,Doritos,Chips,,N,,,,,,,18.00,,,,N,Y,25.00,,
double-cheese-pizza-(s),10356,Double cheese pizza (s),cheese pizza,,N,,,,,,,210.00,,,,N,Y,270.00,,
double-cheese-pizza(l),10355,Double cheese pizza(l),cheese pizza,,N,,,,,,,275.00,,,,N,Y,430.00,,
double-cheese-pizza(m),10354,Double cheese pizza(m),cheese pizza,,N,,,,,,,243.00,,,,N,Y,340.00,,
double-joy,10353,Double joy,,,N,,,,,,,0.00,,,,N,Y,15.00,,
dutchmill,10252,DutchMill,Juice,,N,,,,,,,42.50,,,,N,Y,50.00,,
egg-bujiya,10185,Egg bujiya,Egg,,N,,,,,,,0.00,,,,N,Y,60.00,,
egg-chowmein,10384,Egg chowmein,Chowmein,,N,,,,,,,0.00,,,,N,Y,120.00,,
egg-curry-with-rice,10456,Egg curry with rice,Rice n curry,,N,,,,,,,80.00,,,,N,Y,180.00,,
egg-fried-rice,10357,Egg fried rice,Non veg.Fried rice,,N,,,,,,,0.00,,,,N,Y,120.00,,
egg-fried-rice-1/2,10358,Egg fried rice 1/2,Non veg.Fried rice,,N,,,,,,,0.00,,,,N,Y,75.00,,
egg-pizza-roll,10034,Egg pizza roll,Non-Veg Pizza Roll,,N,,,,,,,0.00,,,,N,Y,400.00,,
egg-poach,10235,Egg poach,Egg,,N,,,,,,,0.00,,,,N,Y,40.00,,
egg-roll,10234,Egg roll,Egg roll,,N,,,,,,,0.00,,,,N,Y,60.00,,
egg-soup,10424,Egg soup,,,N,,,,,,,0.00,,,,N,Y,70.00,,
ema-datshi,10265,Ema datshi,Bhutanese non veg dish,,N,,,,,,,0.00,,,,N,Y,80.00,,
ema-datshi-with-rice-1,10420,Ema datshi with rice,Bhutanese veg dish,,N,,,,,,,0.00,,,,N,Y,150.00,,
lolipop,10231,Euro pop,Lollipop,,N,,,,,,,4.00,,,,N,Y,5.00,,
extra-cheese,10178,Extra cheese,Extra cheese,,N,,,,,,,0.00,,,,N,Y,50.00,,
ezee,10232,Ezee,,,N,,,,,,,0.00,,,,N,Y,45.00,,
fanta-1l,10150,Fanta 1l,Fanta,,N,,,,,,,55.00,,,,N,Y,65.00,,
fantastic-300ml,10120,Fanta 300ml,Fanta,,N,,,,,,,21.25,,,,N,Y,25.00,,
fanta-500ml,10149,Fanta 500ml,Fanta,,N,,,,,,,26.25,,,,N,Y,30.00,,
farmhouse-pizza-roll,10036,Farmhouse pizza roll,Veg Pizza Roll,,N,,,,,,,0.00,,,,N,Y,400.00,,
finger-chips,10272,Finger chips,Chips,,N,,,,,,,0.00,,,,N,Y,15.00,,
fingerprint,10360,FingerPrint,Serja can,,N,,,,,,,70.00,8908024128033,,,N,Y,80.00,,
fireball-pizza-(l),10191,Fireball pizza (l),Veg pizza,,N,,,,,,,120.00,,,,N,Y,380.00,,
fireball-pizza(m),10190,Fireball pizza(m),Veg pizza,,N,,,,,,,100.00,,,,N,Y,290.00,,
fireball-pizza(s),10189,Fireball pizza(s),Veg pizza,,N,,,,,,,80.00,,,,N,Y,240.00,,
fish-curry-with-rice,10169,Fish curry with rice,Rice n curry,,N,,,,,,,0.00,,,,N,Y,200.00,,
fizzer,10224,Fizzer,Frizzer,,N,,,,,,,0.00,,,,N,Y,100.00,,
flake-1-pts,10079,Flake 1 pts,Flake,,N,,,,,,,84.00,,,,N,Y,120.00,,
flake-pcs,10078,Flake pcs,Flake,,N,,,,,,,8.40,,,,N,Y,15.00,,
flavoured-jelly,10365,Flavoured jelly,,,N,,,,,,,0.00,,,,N,Y,25.00,,
free-coke,10145,Free coke,Coke,,N,,,,,,,21.25,,,,N,Y,0.00,,
fries,10037,Fries,French fries,,N,,,,,,,0.00,,,,N,Y,70.00,,
fruit-punch-mocktail,10066,Fruit Punch Mocktail,Mocktails,,N,,,,,,,0.00,,,,N,Y,120.00,,
fruitful-juice,10289,Fruitful juice,Juice,,N,,,,,,,55.00,,,,N,Y,65.00,,
farmhouse-pizza(l),10173,Garden fresh pizza (l),Veg pizza,,N,,,,,,,120.00,,,,N,Y,380.00,,
farmhouse-pizza(s),10171,Garden fresh pizza (s),Veg pizza,,N,,,,,,,80.00,,,,N,Y,230.00,,
farmhouse-pizza(m),10172,Garden fresh pizza(m),Veg pizza,,N,,,,,,,100.00,,,,N,Y,290.00,,
garlic-pizza(l),10186,Garlic pizza(l),Veg pizza,,N,,,,,,,200.00,,,,N,Y,380.00,,
garlic-pizza,10187,Garlic pizza(m),Veg pizza,,N,,,,,,,100.00,,,,N,Y,290.00,,
garlic-pizza(s),10188,Garlic pizza(s),Veg pizza,,N,,,,,,,80.00,,,,N,Y,240.00,,
geks-juice,10246,Geks juice,Juice,,N,,,,,,,0.00,,,,N,Y,150.00,,
ghost-pepper,10306,Ghost pepper,Samyang,,N,,,,,,,66.00,,,,N,Y,100.00,,
ginger-tea(b),10412,Ginger tea(B),,,N,,,,,,,0.00,,,,N,Y,40.00,,
gol-top,10417,Gol top,Biscuits,,N,,,,,,,0.00,,,,N,Y,30.00,,
good-day,10133,Good day,Biscuits,,N,,,,,,,36.00,8901063092402,,,N,Y,40.00,,
grape-juice,10055,Grape Juice,Juice,,N,,,,,,,0.00,8936227551587,,,N,Y,65.00,,
green-lays,10090,Green lays,Chips,,N,,,,,,,18.00,,,,N,Y,25.00,,
green-matar,10311,Green matar,Snack,,N,,,,,,,0.00,,,,N,Y,5.00,,
green-pea,10270,Green motar,Snack,,N,,,,,,,0.00,,,,N,Y,20.00,,
green-screwdriver,10274,Green screwdriver,Mocktails,,N,,,,,,,0.00,,,,N,Y,150.00,,
green-screwdriver-1,10275,Green screwdriver,Mocktails,,N,,,,,,,0.00,,,,N,Y,150.00,,
guava-juice,10443,Guava juice,Bhutan agro juice,,N,,,,,,,22.97,8906021261074,,,Y,Y,30.00,13.000,0.000
guava-juice-big,10457,Guava juice big,Bhutan agro juice,,N,,,,,,,62.00,8906021261081,,,Y,Y,80.00,8.000,2.000
hagmula,10351,Hagmula,,,N,,,,,,,0.00,,,,N,Y,5.00,,
half-veg-half-non-veg-pizza,10428,Half veg half non veg pizza,Non-veg pizza,,N,,,,,,,0.00,,,,N,Y,400.00,,
ham-pizza(l),10298,Ham pizza(l),Non-veg pizza,,N,,,,,,,0.00,,,,N,Y,400.00,,
happydent,10282,Happydent,Chewing Gum,,N,,,,,,,8.80,,,,N,Y,10.00,,
happydent-1,10342,Happydent,Chewing Gum,,N,,,,,,,0.00,,,,N,Y,5.00,,
highland-1/2-peg,10195,Highland 1/2 peg,Highland,,N,,,,,,,9.90,,,,N,Y,20.00,,
highland-bottle,10375,Highland bottle,Highland,,N,,,,,,,415.00,,,,N,Y,600.00,,
highland-peg,10165,Highland peg,Highland,,N,,,,,,,19.90,,,,N,Y,45.00,,
highland(q),10146,Highland(Q),Highland,,N,,,,,,,103.75,,,,N,Y,130.00,,
home-made-lemon-water,10312,Home made lemon water,,,N,,,,,,,0.00,,,,N,Y,40.00,,
honey-lemon-tea0,10426,Honey lemon tea,Tea,,N,,,,,,,0.00,,,,N,Y,50.00,,
chicken-drumstick,10038,Hot&Crispy 2pcs,Chicken,,N,,,,,,,0.00,,,,N,Y,190.00,,
hot&crispy-4pcs,10041,Hot&Crispy 4pcs,Chicken,,N,,,,,,,0.00,,,,N,Y,360.00,,
hot&crispy-6pcs,10042,Hot&Crispy 6pcs,Chicken,,N,,,,,,,0.00,,,,N,Y,525.00,,
ice-coffee,10198,Ice coffee,Coffee,,N,,,,,,,0.00,,,,N,Y,100.00,,
ice-coke,10419,Ice coke,Coke,,N,,,,,,,31.20,,,,N,Y,50.00,,
incense,10319,Incense,Incense,,N,,,,,,,45.00,,,,N,Y,50.00,,
incense-1,10322,Incense,Incense,,N,,,,,,,0.00,,,,N,Y,30.00,,
instant-noodles-2x,10421,Instant noodles 2x,Instant noodles,,N,,,,,,,0.00,,,,N,Y,50.00,,
instant-rich-noddle,10427,Instant rich noddle,Instant noodles,,N,,,,,,,0.00,,,,N,Y,100.00,,
jasha-maru,10395,Jasha maru,Bhutanese non veg dish,,N,,,,,,,0.00,,,,N,Y,150.00,,
jasha-maru-with-rice,10394,Jasha maru with rice,Bhutanese non veg dish,,N,,,,,,,0.00,,,,N,Y,200.00,,
jelly-ice-cream,10268,Jelly ice cream,,,N,,,,,,,0.00,,,,N,Y,35.00,,
juma,10159,Juma,Juma,,N,,,,,,,25.00,,,,N,Y,30.00,,
jumpy,10137,Jumpy,Juice,,N,,,,,,,13.00,,,,N,Y,15.00,,
k5,10316,K5,,,N,,,,,,,74.65,,,,N,Y,100.00,,
k51/2,10225,K51/2,,,N,,,,,,,0.00,,,,N,Y,50.00,,
kato,10284,Kato,Juice,,N,,,,,,,35.84,,,,N,Y,50.00,,
kewa-datshi-with-rice,10364,Kewa datshi with rice,Bhutanese non veg dish,,N,,,,,,,0.00,,,,N,Y,150.00,,
keya,10409,Keya,Soap,,N,,,,,,,0.00,,,,N,Y,65.00,,
kfc(3pcs),10040,KFC(3pcs),Korean Fried Chicken,,N,,,,,,,120.00,,,,N,Y,260.00,,
korean-fried-chicken[2pc],10039,KFC[2pc],Korean Fried Chicken,,N,,,,,,,90.00,,,,N,Y,190.00,,
kinder-joy,10460,Kinder joy,Kinder joy,,N,,,,,,,0.00,,,,N,Y,50.00,,
kite,10339,Kite,Choco bar,,N,,,,,,,4.00,,,,N,Y,5.00,,
kiwi,10020,Kiwi shake,Milkshake,,N,,,,,,,70.00,,,,N,Y,150.00,,
koka-chowmien,10333,Koka chowmien,Koka chowmein,,N,,,,,,,51.50,,,,N,Y,120.00,,
plain-koka,10109,Koka thukpa,Noodles,,N,,,,,,,50.00,,,,N,Y,100.00,,
koka-with-cheese,10294,Koka with Cheese,Koka,,N,,,,,,,0.00,,,,N,Y,120.00,,
koka-with-egg,10405,Koka with egg,Koka,,N,,,,,,,0.00,,,,N,Y,100.00,,
korntos,10251,Korntos,Chips,,N,,,,,,,18.00,,,,N,Y,25.00,,
kurkure,10089,Kurkure,Chips,,N,,,,,,,18.00,8901491100519,,,N,Y,25.00,,
lager,10107,Lager,Lager,,N,,,,,,,73.00,,,,N,Y,120.00,,
lager-set,10220,Lager set,Lager,,N,,,,,,,317.00,,,,N,Y,400.00,,
le--chilldoz,10362,Le  chilldoz,Serja can,,N,,,,,,,70.00,8908024873056,,,N,Y,80.00,,
lemon-fruit-drinks,10074,Lemon fruit drinks,Juice,,N,,,,,,,0.00,8941170032205,,,N,Y,30.00,,
lemon-squash,10097,Lemon squash,Squash,,N,,,,,,,0.00,,,,N,Y,75.00,,
lemon-tea,10194,Lemon Tea,Tea,,N,,,,,,,0.00,,,,N,Y,40.00,,
lighter,10329,Lighter,Lighter,,N,,,,,,,0.00,,,,N,Y,20.00,,
lipton,10057,Lipton,Juice,,N,,,,,,,61.68,8858998585038,,,Y,Y,80.00,15.000,
lollipop,10349,Lollipop,Lollipop,,N,,,,,,,4.00,,,,N,Y,5.00,,
london-roll,10331,London Roll,,,N,,,,,,,0.00,,,,N,Y,5.00,,
love-bite-cake,10337,Love bite cake,Love bite,,N,,,,,,,18.75,,,,N,Y,25.00,,
lychee,10110,Lychee,Juice,,N,,,,,,,0.00,8936227550528,,,N,Y,65.00,,
lychee-juice,10163,Lychee juice,Juice,,N,,,,,,,0.00,,,,N,Y,10.00,,
lychee-juice-drink,10302,Lychee juice drink,Juice,,N,,,,,,,45.00,8936085527106,,,N,Y,60.00,,
lychee-set,10397,Lychee set,Juice,,N,,,,,,,0.00,,,,N,Y,60.00,,
maggi,10151,Maggi,Maggi,,N,,,,,,,0.00,,,,N,Y,15.00,,
maggi-1,10278,Maggi,Noodles,,N,,,,,,,0.00,,,,N,Y,40.00,,
maggi-2,10422,Maggi 2,Maggi,,N,,,,,,,0.00,,,,N,Y,25.00,,
mama-cup-noddles,10307,Mama cup noddles,Cup noodles,,N,,,,,,,50.00,,,,N,Y,60.00,,
mango-juice,10442,Mango juice,Bhutan agro juice,,N,,,,,,,21.86,8906021261043,,,Y,Y,30.00,5.000,5.000
mango-juice-big,10458,Mango juice big,Bhutan agro juice,,N,,,,,,,61.09,07451218,,,Y,Y,80.00,11.000,5.000
mango-nectar,10439,Mango nectar can,Bhutan agro juice,,N,,,,,,,34.13,8906021260015,,,Y,Y,60.00,26.000,5.000
mango-shake,10024,Mango shake,Milkshake,,N,,,,,,,0.00,,,,N,Y,150.00,,
margarita-pizza(l),10177,Margarita pizza(l),Veg pizza,,N,,,,,,,120.00,,,,N,Y,380.00,,
margarita-pizza(m),10176,Margarita pizza(m),Veg pizza,,N,,,,,,,100.00,,,,N,Y,290.00,,
margarita-pizza(s),10175,Margarita pizza(s),Veg pizza,,N,,,,,,,80.00,,,,N,Y,240.00,,
marshmallow,10371,Marshmallow,,,N,,,,,,,0.00,,,,N,Y,20.00,,
mary-gold,10130,Mary gold,Biscuits,,N,,,,,,,0.00,8901063162723,,,N,Y,40.00,,
meat-lover-pizza-roll,10030,Meat lover pizza roll,Non-Veg Pizza Roll,,N,,,,,,,0.00,,,,N,Y,450.00,,
meat-lover-pizza(l),10014,Meat lover pizza(L),Non-veg pizza,,N,,,,,,,248.00,,,,N,Y,400.00,,
meat-lover-pizza(m),10013,Meat lover pizza(M),Non-veg pizza,,N,,,,,,,219.00,,,,N,Y,320.00,,
meat-lover-pizza(s),10012,Meat lover pizza(s),Non-veg pizza,,N,,,,,,,193.00,,,,N,Y,250.00,,
melon-juice-drink,10314,Melon juice drink,Juice,,N,,,,,,,45.00,,,,N,Y,60.00,,
milk,10247,Milk,Milk,,N,,,,,,,0.00,,,,N,Y,80.00,,
milk-1,10328,Milk,Milk,,N,,,,,,,0.00,,,,N,Y,20.00,,
milk-coffee,10164,Milk Coffee,Coffee,,N,,,,,,,20.00,,,,N,Y,50.00,,
milk-tea-boba,10029,Milk Tea boba,Bobo Tea,,N,,,,,,,0.00,,,,N,Y,150.00,,
milky-mist-milk,10446,Milky mist milk,Milky mist milk,,N,,,,,,,68.34,,,,N,Y,80.00,,
mimi,10123,Mimi,Instant noodles,,N,,,,,,,0.00,,,,N,Y,5.00,,
misty-peak,10296,Misty peak,Misty peak,,N,,,,,,,0.00,,,,N,Y,120.00,,
mix-meat-fried-rice,10324,Mix meat fried rice,Non veg.Fried rice,,N,,,,,,,0.00,,,,N,Y,180.00,,
mix-meat-n-veg-chowmein,10269,Mix meat n veg chowmein,,,N,,,,,,,0.00,,,,N,Y,200.00,,
mixed-berry-juice,10056,Mixed Berry juice,Juice,,N,,,,,,,0.00,8936227551563,,,N,Y,65.00,,
mixed-food-juice,10054,Mixed food juice,Juice,,N,,,,,,,0.00,8936227550498,,,N,Y,65.00,,
mojo,10338,Mojo,Choco bar,,N,,,,,,,4.00,,,,N,Y,5.00,,
munch,10244,Munch,Munch,,N,,,,,,,0.00,,,,N,Y,5.00,,
mushroom-pizza-roll,10035,Mushroom Pizza Roll,Veg Pizza Roll,,N,,,,,,,0.00,,,,N,Y,400.00,,
mushroom-pizza(l),10049,Mushroom pizza(l),Veg pizza,,N,,,,,,,150.00,,,,N,Y,380.00,,
mushroom(m),10048,Mushroom pizza(m),Veg pizza,,N,,,,,,,120.00,,,,N,Y,290.00,,
mushroom-pizza(s),10047,Mushroom pizza(s),Veg pizza,,N,,,,,,,80.00,,,,N,Y,240.00,,
navy-cut-pcs,10104,Navy cut pcs,Navy cut,,N,,,,,,,14.50,,,,N,Y,20.00,,
navy-cut-pts,10105,Navy cut pts,Navy cut,,N,,,,,,,145.00,,,,N,Y,200.00,,
non-veg-juma,10400,Non veg juma,Juma,,N,,,,,,,0.00,,,,N,Y,100.00,,
omelette,10084,Omelette,Egg,,N,,,,,,,0.00,,,,N,Y,40.00,,
orange-drink,10440,Orange drink can,Bhutan agro juice,,N,,,,,,,34.16,8906021260022,,,Y,Y,60.00,27.000,5.000
orange-juice-drink,10301,Orange juice drink,Juice,,N,,,,,,,45.00,8936085526888,,,N,Y,60.00,,
orange-chips,10240,Orange lays,Chips,,N,,,,,,,18.00,,,,N,Y,25.00,,
orange,10022,Orange shake,Milkshake,,N,,,,,,,0.00,,,,N,Y,150.00,,
orange-squash,10096,Orange squash,Squash,,N,,,,,,,0.00,,,,N,Y,75.00,,
oreo,10392,Oreo,,,N,,,,,,,0.00,,,,N,Y,10.00,,
packing-box,10117,Packing box,Packing box,,N,,,,,,,0.00,,,,N,Y,20.00,,
pad,10332,Pad,Pad,,N,,,,,,,0.00,,,,N,Y,45.00,,
pakora,10378,Pakora,,,N,,,,,,,0.00,,,,N,Y,50.00,,
paneer-chilli,10352,Paneer chilli,Paneer chilli,,N,,,,,,,0.00,,,,N,Y,120.00,,
paneer-curry,10258,Paneer curry,Veg curry,,N,,,,,,,0.00,,,,N,Y,120.00,,
paneer-pizza(l),10046,Paneer pizza(l),Veg pizza,,N,,,,,,,0.00,,,,N,Y,380.00,,
paneer-pizza(m),10045,Paneer pizza(m),Veg pizza,,N,,,,,,,0.00,,,,N,Y,290.00,,
paneer-pizza(s),10044,Paneer Pizza(s),Veg pizza,,N,,,,,,,0.00,,,,N,Y,240.00,,
parle-g,10330,Parle G,Biscuits,,N,,,,,,,0.00,,,,N,Y,5.00,,
pass-pass,10254,Pass pass,Shikhar,,N,,,,,,,4.50,,,,N,Y,5.00,,
passion-fruit-juice,10170,Passion fruit juice,Juice,,N,,,,,,,0.00,8936227550511,,,N,Y,70.00,,
peach-juice,10299,Peach juice,Juice,,N,,,,,,,0.00,,,,N,Y,70.00,,
peace-makgeolli,10323,Peach makgeolli,Makgeolli,,N,,,,,,,190.00,,,,N,Y,250.00,,
peach-wine,10287,Peach wine,Wine,,N,,,,,,,222.00,,,,N,Y,300.00,,
peanut,10288,Peanut,Snack,,N,,,,,,,0.00,,,,N,Y,20.00,,
peanut-1,10310,Peanut,Snack,,N,,,,,,,0.00,,,,N,Y,5.00,,
peanut-masala,10193,Peanut masala,Peanut,,N,,,,,,,0.00,,,,N,Y,40.00,,
pearl,10243,Pearl,Pearls,,N,,,,,,,0.00,,,,N,Y,15.00,,
pineapple--juice-drink,10300,Pineapple  juice drink,,,N,,,,,,,45.00,8936085527007,,,N,Y,60.00,,
pink-samyang,10313,Pink samyang,Samyang,,N,,,,,,,84.00,,,,N,Y,100.00,,
plain-cheese-pizza(l),10158,Plain cheese pizza(l),cheese pizza,,N,,,,,,,194.00,,,,N,Y,380.00,,
plain-cheese-pizza,10156,Plain cheese pizza(m),cheese pizza,,N,,,,,,,178.00,,,,N,Y,290.00,,
plain-cheese-pizza(s),10157,Plain cheese pizza(s),cheese pizza,,N,,,,,,,162.00,,,,N,Y,240.00,,
pokara,10385,Pokara,,,N,,,,,,,0.00,,,,N,Y,20.00,,
non-veg-buthub,10122,Pork bathub,Bathub,,N,,,,,,,0.00,,,,N,Y,150.00,,
pork-bathub-half,10368,Pork bathub half,Bathub,,N,,,,,,,0.00,,,,N,Y,75.00,,
pork-chilli,10160,Pork chilli,Pork chilli,,N,,,,,,,120.00,,,,N,Y,200.00,,
pork-chowmein,10118,Pork chowmein,Chowmein,,N,,,,,,,0.00,,,,N,Y,150.00,,
pork-curry,10116,Pork curry,Curry,,N,,,,,,,0.00,,,,N,Y,200.00,,
pork-curry-with-rice,10168,Pork curry with rice,Rice n curry,,N,,,,,,,120.00,,,,N,Y,250.00,,
pork-datshi,10233,Pork datshi,Bhutanese non veg dish,,N,,,,,,,0.00,,,,N,Y,200.00,,
pork-datshi-with-rice,10236,Pork datshi with rice,Bhutanese non veg dish,,N,,,,,,,0.00,,,,N,Y,250.00,,
pork-fried,10230,Pork fried,Pork chilli,,N,,,,,,,0.00,,,,N,Y,150.00,,
pork-fried-rice,10003,Pork fried rice,Non veg.Fried rice,,N,,,,,,,96.00,,,,N,Y,150.00,,
pork-koka,10348,Pork koka,Koka,,N,,,,,,,0.00,,,,N,Y,120.00,,
pork-momo,10401,Pork momo,Momo,,N,,,,,,,0.00,,,,N,Y,100.00,,
pork-paa-with-rice,10162,Pork paa with rice,Rice n curry,,N,,,,,,,0.00,,,,N,Y,250.00,,
pork-pizza-roll,10033,Pork pizza roll,Non-Veg Pizza Roll,,N,,,,,,,0.00,,,,N,Y,450.00,,
pork-pizza(l),10011,Pork pizza(L),Pork pizza,,N,,,,,,,239.60,,,,N,Y,400.00,,
pork-pizza(m),10010,Pork pizza(M),Pork pizza,,N,,,,,,,212.00,,,,N,Y,320.00,,
pork-pizza(s),10009,Pork pizza(S),Pork pizza,,N,,,,,,,188.20,,,,N,Y,250.00,,
pork-thukpa,10214,Pork thukpa,Thukpa,,N,,,,,,,0.00,,,,N,Y,150.00,,
pork-thukpa-1,10276,Pork thukpa,Thukpa,,N,,,,,,,0.00,,,,N,Y,200.00,,
potatoes-cracker,10253,Potatoes cracker,Chips,,N,,,,,,,18.00,,,,N,Y,25.00,,
power,10058,Power,Juice,,N,,,,,,,58.00,846656003985,,,N,Y,80.00,,
pran-mango-juice,10435,Pran mango juice,Pran juice,,N,,,,,,,43.75,831730001056,,,N,Y,80.00,,
pran-pineapple-can,10450,Pran pineapple can,Pran juice,,N,,,,,,,43.75,831730001100,,,N,Y,80.00,,
pran-ponegra,10437,Pran pomegranate,Pran juice,,N,,,,,,,43.75,841165127580,,,N,Y,80.00,,
puffcorn,10238,Puffcorn,Chips,,N,,,,,,,0.00,,,,N,Y,25.00,,
pure-apple-can,10453,Pure apple can,Bhutan agro juice,,N,,,,,,,53.86,8906021261029,,,Y,Y,80.00,21.000,0.000
pure-apple-juice,10452,Pure apple juice,Bhutan agro juice,,N,,,,,,,40.25,8906021261029,,,Y,Y,50.00,31.000,5.000
puri,10140,Puri,Puri,,N,,,,,,,0.00,,,,N,Y,80.00,,
puri-1pc,10167,Puri 1pc,Puri,,N,,,,,,,0.00,,,,N,Y,15.00,,
puro,10344,Puro,Juice,,N,,,,,,,53.40,,,,N,Y,80.00,,
rajnigandha,10255,Rajnigandha,Rajnigandha,,N,,,,,,,69.17,,,,N,Y,80.00,,
real-milk-choco-bar,10321,Real Milk choco bar,Choco bar,,N,,,,,,,0.00,,,,N,Y,5.00,,
red-bull,10166,Red Bull,RedBull,,N,,,,,,,0.00,,,,N,Y,70.00,,
red-lays,10091,Red lays,Chips,,N,,,,,,,18.00,,,,N,Y,25.00,,
rice-makgeolli,10327,Rice makgeolli,Makgeolli,,N,,,,,,,0.00,8802521122733,,,N,Y,250.00,,
rock-bee,10069,Rock Bee,Rockbee,,N,,,,,,,350.00,8901517301012,,,N,Y,450.00,,
rockb,10155,RockB,Rockbee,,N,,,,,,,5.94,,,,N,Y,15.00,,
rockbe(q),10072,Rockbe(Q),Rockbee,,N,,,,,,,52.50,8901517301036,,,N,Y,100.00,,
rockbee-1peg,10070,RockBee 1peg,Rockbee,,N,,,,,,,11.88,,,,N,Y,30.00,,
roti-with-alu-dam,10366,Roti with alu dam,,,N,,,,,,,0.00,,,,N,Y,80.00,,
roti-with-chicken-curry,10261,Roti with chicken curry,Roti,,N,,,,,,,0.00,,,,N,Y,150.00,,
roti-with-kewa-datshi,10260,Roti with kewa datshi,Roti,,N,,,,,,,0.00,,,,N,Y,80.00,,
roti-with-shakam-datsi,10259,Roti with shakam datsi,Roti,,N,,,,,,,0.00,,,,N,Y,150.00,,
roy-rogers-drink,10064,Roy Rogers Drink,Mocktails,,N,,,,,,,0.00,,,,N,Y,120.00,,
salt,10215,Salt,Salt,,N,,,,,,,0.00,,,,N,Y,25.00,,
salted-lemonade,10308,Salted lemonade,Juice,,N,,,,,,,10.00,,,,N,Y,15.00,,
samosa,10377,Samosa,Samosa,,N,,,,,,,0.00,,,,N,Y,50.00,,
samosa-1,10388,Samosa,,,N,,,,,,,0.00,,,,N,Y,25.00,,
samyang-2x,10192,Samyang 2x,Samyang,,N,,,,,,,120.00,,,,N,Y,140.00,,
samyang-3x,10083,Samyang 3x,Samyang,,N,,,,,,,86.00,,,,N,Y,100.00,,
samyang-cup,10174,Samyang cup,Samyang,,N,,,,,,,0.00,,,,N,Y,100.00,,
sausage-chilli,10381,Sausage chilli,,,N,,,,,,,0.00,,,,N,Y,100.00,,
scrambled-egg,10429,Scrambled egg,Egg,,N,,,,,,,0.00,,,,N,Y,100.00,,
shabalay,10380,Shabalay,Shabalay,,N,,,,,,,0.00,,,,N,Y,50.00,,
shakam,10406,Shakam,,,N,,,,,,,0.00,,,,N,Y,150.00,,
shakam-1,10410,Shakam,Snack,,N,,,,,,,0.00,,,,N,Y,150.00,,
shakam-datshi,10266,Shakam Datshi,Bhutanese non veg dish,,N,,,,,,,0.00,,,,N,Y,150.00,,
shakam-datshi-1,10396,Shakam datshi,Bhutanese non veg dish,,N,,,,,,,0.00,,,,N,Y,200.00,,
shakam-datshi-with-rice,10267,Shakam datshi with rice,Bhutanese non veg dish,,N,,,,,,,0.00,,,,N,Y,220.00,,
shakam-paa,10210,Shakam paa,Bhutanese non veg dish,,N,,,,,,,0.00,,,,N,Y,150.00,,
shakam-paa-with-rice,10207,Shakam paa with rice,Bhutanese non veg dish,,N,,,,,,,0.00,,,,N,Y,220.00,,
shamu-datshi-with-rice,10418,Shamu datshi with rice,Bhutanese veg dish,,N,,,,,,,0.00,,,,N,Y,150.00,,
shikam,10209,Shikam,Bhutanese non veg dish,,N,,,,,,,0.00,,,,N,Y,200.00,,
shikhar,10279,Shikhar,Shikhar,,N,,,,,,,0.00,,,,N,Y,20.00,,
shikhar-1,10297,Shikhar,Shikhar,,N,,,,,,,30.00,,,,N,Y,35.00,,
shikhar-b,10222,Shikhar B,Shikhar,,N,,,,,,,0.00,,,,N,Y,60.00,,
shikhar-s,10206,Shikhar s,Shikhar,,N,,,,,,,0.00,,,,N,Y,10.00,,
signature,10425,Signature,Signature,,N,,,,,,,25.00,,,,N,Y,30.00,,
signature-b,10153,Signature B,Signature,,N,,,,,,,47.50,,,,N,Y,60.00,,
signature-s,10200,Signature s,Signature,,N,,,,,,,0.00,,,,N,Y,15.00,,
sikam-datshi-with-rice,10454,Sikam datshi with rice,Bhutanese non veg dish,,N,,,,,,,150.00,,,,N,Y,250.00,,
shikam-paa-with-rice,10208,Sikam paa with rice,Bhutanese non veg dish,,N,,,,,,,150.00,,,,N,Y,250.00,,
simply-sweet,10182,Simply sweet,,,N,,,,,,,5.00,,,,N,Y,10.00,,
smiley,10290,Smiley,Biscuits,,N,,,,,,,0.00,,,,N,Y,30.00,,
snickers,10448,Snickers,Snickers,,N,,,,,,,9.00,,,,N,Y,10.00,,
soju,10430,Soju,Soju,,N,,,,,,,0.00,,,,N,Y,300.00,,
sonfy-peg,10226,Sonfy peg,Drinks,,N,,,,,,,0.00,,,,N,Y,15.00,,
sonfy-q,10227,Sonfy Q,Sonfy,,N,,,,,,,0.00,,,,N,Y,60.00,,
special-courier,10363,Special courier,,,N,,,,,,,0.00,,,,N,Y,50.00,,
spicy-beef-pizza-(s),10404,Spicy beef pizza (s),Non-veg pizza,,N,,,,,,,0.00,,,,N,Y,250.00,,
spicy-beef-pizza(l),10402,Spicy beef pizza(L),Non-veg pizza,,N,,,,,,,0.00,,,,N,Y,400.00,,
spicy-beef-pizza(m),10403,Spicy beef pizza(m),Non-veg pizza,,N,,,,,,,0.00,,,,N,Y,320.00,,
spicy-cheese(l),10052,Spicy cheese(l),Veg pizza,,N,,,,,,,0.00,,,,N,Y,380.00,,
spicy-cheese,10051,Spicy cheese(m),Veg pizza,,N,,,,,,,0.00,,,,N,Y,290.00,,
spicy-cheese(s),10050,Spicy cheese(s),Veg pizza,,N,,,,,,,0.00,,,,N,Y,240.00,,
spicy-fried-chicken-2pcs,10196,Spicy fried chicken 2pcs,Korean Fried Chicken,,N,,,,,,,0.00,,,,N,Y,220.00,,
spicy-fried-chicken-3pcs,10199,Spicy fried chicken 3pcs,Korean Fried Chicken,,N,,,,,,,0.00,,,,N,Y,290.00,,
sprite-1.25l,10081,Sprite 1.25L,Sprite,,N,,,,,,,55.00,,,,N,Y,65.00,,
sprite-300ml,10080,Sprite 300ml,Sprite,,N,,,,,,,21.25,,,,N,Y,25.00,,
sprite-500ml,10092,Sprite 500Ml,Sprite,,N,,,,,,,26.25,,,,N,Y,35.00,,
squid-jelly,10432,Squid jelly,Jelly,,N,,,,,,,3.75,,,,N,Y,5.00,,
stayfree,10346,Stayfree,,,N,,,,,,,0.00,,,,N,Y,45.00,,
sting,10071,Sting,Juice,,N,,,,,,,19.70,8902080000227,,,N,Y,30.00,,
strawberry-boba,10026,Strawberry boba,Bobo Tea,,N,,,,,,,0.00,,,,N,Y,150.00,,
strawberry,10019,Strawberry shake,Milkshake,,N,,,,,,,64.00,,,,N,Y,120.00,,
sugar,10372,Sugar,Sugar,,N,,,,,,,0.00,,,,N,Y,50.00,,
sugar-cracker,10128,Sugar cracker,Biscuits,,N,,,,,,,0.00,9556439882270,,,N,Y,150.00,,
suishi,10053,Suishi,Sushi,,N,,,,,,,100.00,,,,N,Y,100.00,,
suja,10202,Suja,Suja,,N,,,,,,,0.00,,,,N,Y,50.00,,
suja-1,10318,Suja,Tea,,N,,,,,,,0.00,,,,N,Y,50.00,,
sukha-roti,10250,Sukha roti,Roti,,N,,,,,,,0.00,,,,N,Y,15.00,,
sukha-roti-with-beef-datshi,10374,Sukha roti with beef datshi,Bhutanese non veg dish,,N,,,,,,,0.00,,,,N,Y,120.00,,
sokha-roti,10249,Sukha roti with ema datshi,Roti,,N,,,,,,,0.00,,,,N,Y,80.00,,
surf,10228,Surf,,,N,,,,,,,0.00,,,,N,Y,10.00,,
surf-1,10383,Surf,,,N,,,,,,,0.00,,,,N,Y,130.00,,
takeaway-cup,10219,Takeaway cup,Packing box,,N,,,,,,,0.00,,,,N,Y,10.00,,
tamarind-juice,10073,Tamarind juice,Juice,,N,,,,,,,0.00,8941170032885,,,N,Y,30.00,,
tea-b,10113,Tea b,Tea,,N,,,,,,,20.00,,,,N,Y,40.00,,
tea-s,10112,Tea s,Tea,,N,,,,,,,10.00,,,,N,Y,20.00,,
tensbarg,10359,Tensbarg,Serja can,,N,,,,,,,80.00,8908024809000,,,N,Y,90.00,,
tin-fish,10295,Tin fish,Tin fish,,N,,,,,,,0.00,,,,N,Y,60.00,,
tissue,10139,Tissue,Tissue,,N,,,,,,,0.00,,,,N,Y,30.00,,
tissue-1,10399,Tissue,,,N,,,,,,,33.00,,,,N,Y,40.00,,
toasttea,10129,Toasttea,Biscuits,,N,,,,,,,0.00,8901063325753,,,N,Y,35.00,,
toilet-paper,10336,Toilet paper,,,N,,,,,,,18.00,,,,N,Y,30.00,,
top,10131,Top,Biscuits,,N,,,,,,,0.00,8901719119903,,,N,Y,30.00,,
tropical-mocktail,10068,Tropical Mocktail,Mocktails,,N,,,,,,,0.00,,,,N,Y,120.00,,
tuna-pizza(l),10017,Tuna pizza(L),Non-veg pizza,,N,,,,,,,0.00,,,,N,Y,400.00,,
tuna-pizza(s),10015,Tuna pizza(s),Non-veg pizza,,N,,,,,,,0.00,,,,N,Y,250.00,,
tuna(m),10016,Tuna(M),Non-veg pizza,,N,,,,,,,0.00,,,,N,Y,320.00,,
uncle-chips,10077,Uncle Chips,Chips,,N,,,,,,,0.00,,,,N,Y,25.00,,
veg-bathub,10142,Veg bathub,Bathub,,N,,,,,,,0.00,,,,N,Y,100.00,,
veg-chowmein,10147,Veg chowmein,Chowmein,,N,,,,,,,0.00,,,,N,Y,100.00,,
veg-fried-rice,10257,Veg fried rice,Veg Fried rice,,N,,,,,,,50.00,,,,N,Y,100.00,,
veg-koka-chowmein,10334,Veg koka chowmein,,,N,,,,,,,0.00,,,,N,Y,100.00,,
veg-momo,10119,Veg momo,Momo,,N,,,,,,,0.00,,,,N,Y,50.00,,
veg-thukpa,10277,Veg thukpa,Thukpa,,N,,,,,,,0.00,,,,N,Y,120.00,,
vicks,10100,Vicks,Sweets,,N,,,,,,,0.00,,,,N,Y,5.00,,
vintra,10343,Vintra,Wine,,N,,,,,,,0.00,,,,N,Y,200.00,,
virgin-margarita-mocktail,10065,Virgin Margarita Mocktail,Mocktails,,N,,,,,,,0.00,,,,N,Y,120.00,,
virgin-mojito,10061,Virgin mojito,Mocktails,,N,,,,,,,0.00,,,,N,Y,100.00,,
vodka-peg,10154,Vodka peg,Drinks,,N,,,,,,,0.00,,,,N,Y,25.00,,
waiwai,10085,Waiwai,Waiwai,,N,,,,,,,8.84,,,,N,Y,10.00,,
wake-can-milk-coffee,10449,Wake Can Milk coffee,Inter fresh juice,,N,,,,,,,70.00,8936227550160,,,Y,Y,80.00,7.000,
warm-ara,10438,Warm ara,Ara,,N,,,,,,,0.00,,,,N,Y,50.00,,
water-1l,10098,Water 1L,Water,,N,,,,,,,0.00,,,,N,Y,20.00,,
water-500ml,10082,Water 500ml,Water,,N,,,,,,,6.79,,,,N,Y,10.00,,
water-set,10218,Water set,Water,,N,,,,,,,162.75,,,,N,Y,180.00,,
wave-packet,10102,Wave packet,Wave,,N,,,,,,,77.50,,,,N,Y,120.00,,
wave-pcs,10101,Wave pcs,Wave,,N,,,,,,,7.75,,,,N,Y,15.00,,
whistle-pop,10370,Whistle pop,,,N,,,,,,,0.00,,,,N,Y,10.00,,
white-grapes-makgeolli,10389,White grapes makgeolli,Makgeolli,,N,,,,,,,0.00,,,,N,Y,250.00,,
winkin-cow,10451,Winkin cow,Winkin cow,,N,,,,,,,36.07,,,,N,Y,50.00,,
yellow-lays,10239,Yellow lays,Chips,,N,,,,,,,18.00,,,,N,Y,25.00,,
yogurt,10462,Yogurt,Yogurt,,N,,,,,,,35.00,,,,N,Y,45.00,,
zimtak,10088,Zimtak,Zimtak,,N,,,,,,,7.68,8908011301043,,,N,Y,10.00,,
zimtak-yellow,10445,Zimtak yellow,Zimtak,,N,,,,,,,8.00,,,,N,Y,10.00,,
zumzin,10345,Zumzin,Wine,,N,,,,,,,0.00,,,,N,Y,200.00,,
